Element,Fraction,Percentage
Alpha-Helix,0.4961832061068702,49.62%
Beta-Sheet,0.29389312977099236,29.39%
Turns,0.15267175572519084,15.27%
Random Coils,0.057251908396946494,5.73%
